Facil,latitude,longitude
1 Choa Chu Kang Street 53,1.39059559281482,103.748024129362
1 Our Tampines Hub,1.35218046898785,103.940598001519
1 Tampines Walk,1.35218046898785,103.940598001519
100 Jalan Besar Stadium,1.30965069033363,103.86008628687
101 Bukit Panjang Road,1.38158679881085,103.764659577604
101 Senja-Cashew Community Club,1.38158679881085,103.764659577604
101 Yishun Ave 1,1.41201836718275,103.831177390838
11 Bedok North Street 1,1.32662388643563,103.931806159881
120 Pasir Ris Central,1.37405935580675,103.951850332313
165 Tanjong Pagar Rd,1.27493474799152,103.843500110324
2 BUKIT BATOK SWIMMING COMPLEX,1.34433159961153,103.747954223213
20 Jurong West Street 93,1.33821088716936,103.69386868465
20 Lengkok Bahru,1.28686170538596,103.813904189286
20 Raffles Ave,1.2882740382069,103.858974713843
200 Ang Mo Kio Ave 9,1.38227243947685,103.845767848209
200 Turf Club Road,1.33759373277131,103.793707423659
21 Evans Road,1.31846187997069,103.819071149611
21 Jurong East Street 31,1.34649072704441,103.729053872207
21 Kallang Basin Swimming Complex,1.32255951151921,103.87249101616
229 Mountbatten Road,1.30746518723646,103.881270808518
264 Serangoon Central,1.35238907617629,103.872108792675
3 WOODLANDS STREET 13,1.43461396737752,103.779477995481
301 Lorong 6 Toa Payoh,1.33045992412023,103.850574273679
32 Yishun Central 1,1.4273195650943,103.838704706563
5 Bishan Street 14,1.35528263459438,103.850922068559
518 Clementi Avenue 3,1.31101498092681,103.764861406796
51A Sengkang West Avenue,1.391422038829,103.873115600394
57 Anchorvale Road,1.39682003561904,103.886846599447
6 Tebing Lane,1.3923964093747,103.916662229495
7 Maxwell Road,1.2793398636571,103.846652482254
8 Mattar Rd,1.32475171047119,103.882970984441
810 Bukit Batok West Avenue 5,1.35975603325519,103.752285494299
900 Tiong Bahru Rd,1.29052498417749,103.820588112164
900 Tiong Bahru Road,1.29052498417749,103.820588112164
93 Hougang Avenue 4,1.3704490003523,103.888075069741
Ang Mo Kio Community Centre,1.36676688159451,103.840742248244
Ang Mo Kio Swimming Complex,1.36307895334157,103.849851695656
Bedok Sport Centre,1.32585506907411,103.938381400137
Bedok Stadium,1.3260471371526,103.93885799991
Bedok Tennis Centre,1.32638079577554,103.936715993649
Bishan Sports Hall,1.35549435754294,103.851048748508
Bishan Stadium,1.35460206549502,103.850992018417
Bishan Swimming Complex,1.35413385270494,103.850090292316
Bukit Batok Swimming Complex,1.34433159961153,103.747954223213
Bukit Gombak Sports Hall,1.35979954325768,103.752170213183
Bukit Gombak Stadium,1.3579070541115,103.753023747522
Burghley Squash Centre,1.35939081975351,103.860486522796
Burghley Tennis Centre,1.35939081975351,103.860486522796
Choa Chu Kang Sport Centre,1.39059559281482,103.748024129362
Choa Chu Kang Sports Hall,1.39077759998006,103.748046007795
Choa Chu Kang Stadium,1.39088754580813,103.74849355466
Choa Chu Kang Swimming Complex,1.39127440500369,103.748189251465
Choa Chu Kang Tennis Centre,1.39066617644636,103.747920705978
Clementi Sport Hall,1.31090387672938,103.764934784714
Clementi Stadium,1.30967486645406,103.762488569219
Clementi Swimming Complex,1.3104387675064,103.765826627156
Delta Sport Centre,1.29052498417749,103.820588112164
Delta Sports Hall,1.29053485917109,103.820494844747
Delta Swimming Complex,1.28937428705782,103.820016544794
Farrer Park Tennis Centre,1.31171149360745,103.849500507986
Geylang East Swimming Complex,1.32125731314702,103.8880244762
Golazo,1.35284351489551,103.707107979873
Hockey Village,1.34775855208035,103.711179874402
Hougang Sports Hall,1.37057348859012,103.888071727225
Hougang Stadium,1.36950400713381,103.885987504955
Hougang Swimming Complex,1.36991089483793,103.887094818221
Jalan Besar Sport Centre,1.30952190174503,103.860211336261
Jalan Besar Stadium,1.30965069033363,103.86008628687
Jalan Besar Swimming Complex,1.31085490828994,103.859961709542
Jurong East Stadium,1.34672644192914,103.729456501587
Jurong East Swimming Complex,1.34662688498665,103.729184512581
Jurong Lake Gardens,1.33348319560371,103.726807806345
Jurong West Sport Centre,1.33823750104445,103.693854311183
Jurong West Sport Hall,1.33841807201419,103.693768895177
Jurong West Stadium,1.33854905214165,103.694120770174
Jurong West Street 93,1.33663323063922,103.693744742943
Jurong West Swimming Complex,1.33795433505325,103.693974035783
Kallang Basin Swimming Complex,1.32255951151921,103.87249101616
Kallang Sport Centre,1.30435821251939,103.869935831599
Kallang Squash Centre,1.30543372519132,103.879527126847
Kallang Tennis Centre,1.30543372519132,103.879527126847
Katong Swimming Complex,1.30210563937133,103.886081876398
National Stadium,1.30508019560987,103.873896103794
Netball Singapore,1.30596812520617,103.879716209095
ORTO,1.41295790736529,103.82961166662
Our Tampines Hub,1.35310120216271,103.940848647333
Pasir Ris Sport Centre,1.37443844465036,103.95195282292
Pasir Ris Swimming Complex,1.37444845881068,103.951822500564
Queenstown Stadium,1.29621485930966,103.802234396585
Queenstown Swimming Complex,1.29680033905414,103.802388507835
Sengkang Swimming Complex,1.39662732516879,103.886867231183
Serangoon Sport Centre,1.35703898709607,103.874593855748
Serangoon Stadium,1.35586197794815,103.874402652769
Serangoon Swimming Complex,1.35706759025418,103.874689580935
Singapore Indoor Stadium,1.30058775534295,103.874332293737
St Wilfred Squash Centre,1.32523298644982,103.861729832418
St Wilfred Tennis Centre,1.32523298644982,103.861729832418
Tampines Swimming Complex,1.35349616237034,103.939683591892
The Cage,1.34165010362932,103.792681300509
Toa Payoh Sport Centre,1.33045992412023,103.850574273679
Toa Payoh Sports Hall,1.33041404935825,103.851280023328
Toa Payoh Stadium,1.33072918688909,103.852396925903
Toa Payoh Swimming Complex,1.33050648763721,103.850114356543
Toa Payoh West Community Centre,1.33532588681913,103.844958649497
Woodlands Sports Hall,1.43414575286189,103.779842054556
Woodlands Stadium,1.43489538529581,103.780306570274
Woodlands Swimming Complex,1.43461396737752,103.779477995481
Yio Chu Kang Sport Centre,1.38227243947685,103.845767848209
Yio Chu Kang Sports Hall,1.38347083238712,103.845866608179
Yio Chu Kang Squash Centre,1.38223815446872,103.845866601713
Yio Chu Kang Stadium,1.38333119089372,103.846468613505
Yio Chu Kang Swimming Complex,1.38153709720367,103.84674788269
Yio Chu Kang Tennis Centre,1.38223815446872,103.845866601713
Yishun Sports Hall,1.41185560546228,103.831219218854
Yishun Stadium,1.41265365921906,103.831820422795
Yishun Swimming Complex,1.4236779668939,103.83402079457
