Hospital,latitude,longitude
Adam Road Medical Centre,1.32313886050371,103.810676161487
Alexandra Hospital,1.2865168679087,103.800993753672
Ang Mo Kio Polyclinic,1.3743245905856,103.845677779279
Thye Hua Kwan Hospital,1.38401946148579,103.840355932686
Bedok Polyclinic,1.32671219591036,103.932029527683
Bright Vision Hospital,1.37194604127942,103.878032898695
Bukit Batok Polyclinic,1.35201517590477,103.747822265461
Bukit Merah Polyclinic,1.28370343137554,103.817051522816
Changi General Hospital,1.34069006688175,103.949352499034
Choa Chu Kang Polyclinic,1.38234139419018,103.750776869899
Clementi Polyclinic,1.31248109025097,103.765476495005
Geylang Polyclinic,1.31949365581957,103.887166041622
Gleneagles Hospital,1.3074337611347,103.819597140073
Hougang Polyclinic,1.3699068381066,103.88900146446
Institute Of Mental Health,1.38211579491623,103.884815635642
Johns Hopkins Singapore International Medical Centre,1.32100978515427,103.845757369413
Jurong Polyclinic,1.34971979663763,103.730717863166
Khoo Teck Puat Hospital,1.42379226547605,103.838076467208
KK Women And Children Hospital,1.31044853126535,103.846650072852
Kwong Wai Shiu,1.3173488411905,103.858748583754
Marine Parade Polyclinic,1.3022261764354,103.907880027406
Mount Alvernia Hospital,1.34160392048706,103.836910937594
Mount Elizabeth Hospital,1.30540799662074,103.835473484678
National Cancer Centre Singapore,1.27923347099607,103.836495897999
National Dental Centre,1.27975902116932,103.838232475714
National Heart Centre Singapore,1.27863260569653,103.835954418572
National Neuroscience Institute,1.32171597909085,103.845389004814
National Skin Centre,1.3196829018253,103.849006940327
National University Hospital,1.29442026340382,103.783686678031
Ng Teng Fong General Hospital & Jurong Community Hospital,1.3334708061176,103.745553201219
Outram Polyclinic,1.27937281065482,103.838387502631
Parkway East Hospital,1.31511733727463,103.908965913933
Pasir Ris Polyclinic,1.36858695162235,103.959204695763
Queenstown Polyclinic,1.2984730688522,103.801017702348
Raffles Hospital,1.30114329771677,103.857243718624
Ren Ci Community Hospital,1.32284471856341,103.845976755687
Ren Ci Nursing Home,1.32408770060706,103.847111237283
Sengkang General & Community Hospitals,1.39442047769698,103.893021720246
Sengkang General Hospital,1.39442047769698,103.893021720246
Sengkang Polyclinic,1.39269174282317,103.894328052934
Singapore General Hospital,1.27911744444259,103.834337477611
Singapore National Eye Centre,1.28080689767314,103.835858184944
St Andrew Community Hospital,1.34161366730224,103.948849263699
St Luke Hospital,1.34945597911502,103.741889580583
Tampines Polyclinic,1.35730996422406,103.945849465407
Tan Tock Seng Hospital,1.32118633305355,103.845809994217
Thomson Medical Centre,1.3253640627844,103.841448449792
Toa Payoh Polyclinic,1.33448028627853,103.858956441969
Woodlands Polyclinic,1.43090832690174,103.775226749809
Yishun Community Hospital,1.4239474756336,103.837429239213
Yishun Polyclinic,1.43044404494507,103.839198998268
