MRT,latitude,longitude
Admiralty MRT Station,1.44058856161847,103.800990519771
Aljunied MRT Station,1.3164326118157,103.882906044385
Ang Mo Kio MRT Station,1.36993284962264,103.849558091776
Bakau  LRT  Station,1.38799431054768,103.905415300171
Bangkit  LRT  Station,1.38002223010088,103.772647370452
Bartley MRT Station,1.34250117805245,103.880177899184
Bayfront MRT Station,1.28187378879209,103.859079764874
Bayshore MRT Station,1.31312248299118,103.942307986645
Beauty World MRT Station,1.34090149001429,103.775746717778
Bedok MRT Station,1.32040148729112,103.957183823478
Bedok North MRT Station,1.33474211664091,103.91797832995
Bedok Reservoir MRT Station,1.33660782955099,103.932234623286
Bedok South MRT Station,1.31668400658419,103.94931120983
Bencoolen MRT Station,1.29891843369422,103.850353762717
Bendemeer MRT Station,1.31367252847691,103.862977620945
Bishan MRT Station,1.35131580146658,103.84914026532
Boon Keng MRT Station,1.31993957653291,103.862052698446
Boon Lay MRT Station,1.33860405469845,103.706064622772
Botanic Gardens MRT Station,1.32238699517166,103.815385463093
Braddell MRT Station,1.3404690010277,103.846799083148
Bras Basah MRT Station,1.29686168649656,103.850667371637
Bright Hill MRT Station,1.36328318545185,103.832893619992
Buangkok MRT Station,1.38287001971672,103.893122569706
Bugis MRT Station,1.30046508509717,103.855706730933
Bukit Batok MRT Station,1.34903331201636,103.749566478309
Bukit Brown MRT Station,1.33372888295973,103.830689549849
Bukit Gombak MRT Station,1.35861159094192,103.751790910733
Bukit Panjang  LRT  Station,1.37792694616982,103.763102931112
Bukit Panjang MRT Station,1.37956121236613,103.761188866252
Buona Vista MRT Station,1.30627534823257,103.790363200126
Caldecott MRT Station,1.33724561271722,103.840161782075
Canberra MRT Station,1.44307664075699,103.829702590959
Cashew MRT Station,1.36981544925552,103.76443921414
Changi Airport MRT Station,1.35747897447692,103.98788356959
Cheng Lim  LRT  Station,1.39627763344324,103.893797181731
Chinatown MRT Station,1.28422391919085,103.845143798953
Chinese Garden MRT Station,1.34235282081401,103.732596738363
Choa Chu Kang  LRT  Station,1.38475541089131,103.74453769781
Choa Chu Kang MRT Station,1.38536316540225,103.744370779756
City Hall MRT Station,1.29298990700923,103.852542630339
Clarke Quay MRT Station,1.28745211415803,103.846119192727
Clementi MRT Station,1.31511625277378,103.765191452888
Commonwealth MRT Station,1.30250199924325,103.798228523336
Compassvale  LRT  Station,1.39449304450373,103.900492450944
Coral Edge  LRT  Station,1.39390922863313,103.912580845515
Cove  LRT  Station,1.39928198837342,103.905961941214
Dakota MRT Station,1.30854798388121,103.889064718377
Damai  LRT  Station,1.40523483636957,103.908603542566
Dhoby Ghaut MRT Station,1.29891164362677,103.84629250696
Dover MRT Station,1.31140529320963,103.778637841909
Downtown MRT Station,1.27944638178916,103.852840829581
Esplanade MRT Station,1.2936577245386,103.855081226245
Eunos MRT Station,1.31978354916088,103.903225807255
Expo MRT Station,1.33538252614956,103.962374747451
Fajar  LRT  Station,1.38457317668026,103.770887223018
Farmway  LRT  Station,1.39717019591821,103.889304824196
Farrer Park MRT Station,1.31314029963164,103.854754721344
Farrer Road MRT Station,1.31743915158967,103.807379214161
Fernvale  LRT  Station,1.39188588468304,103.876308630144
Fort Canning MRT Station,1.29248194822996,103.844331362465
Gardens By The Bay MRT Station,1.27848725876303,103.867454664421
Geylang Bahru MRT Station,1.32130110228321,103.871622627142
Great World MRT Station,1.29394816169384,103.833720837731
Gul Circle MRT Station,1.31947090075208,103.660530461345
Harbourfront MRT Station,1.26538938374901,103.821530157095
Havelock MRT Station,1.28850523975311,103.833585838226
Haw Par Villa MRT Station,1.28195688684898,103.781988990137
Hillview MRT Station,1.36234486803558,103.767418254007
Holland Village MRT Station,1.31224029631595,103.796399122407
Hougang MRT Station,1.37129226620797,103.892380513029
Jalan Besar MRT Station,1.3051713878069,103.855295713435
Jelapang  LRT  Station,1.38673926997961,103.76453408646
Joo Koon MRT Station,1.3277170408447,103.678374996165
Jurong East MRT Station,1.33315281585758,103.742286332403
Kadaloor  LRT  Station,1.39950910636258,103.916574974234
Kaki Bukit MRT Station,1.33496735995428,103.908459338046
Kallang MRT Station,1.31148890998818,103.871386541754
Kangkar  LRT  Station,1.38395911688913,103.90222537044
Katong Park MRT Station,1.29783147778951,103.886178949925
Keat Hong  LRT  Station,1.3786032506373,103.749055668925
Kembangan MRT Station,1.3210381335934,103.912947930851
Kent Ridge MRT Station,1.29353349887123,103.784572738173
Khatib MRT Station,1.41738337009565,103.832979908243
King Albert Park MRT Station,1.335893496278,103.783235863233
Kovan MRT Station,1.36017917065237,103.885064856353
Kranji MRT Station,1.42508698073648,103.762137459497
Kupang  LRT  Station,1.39821283031379,103.881256222255
Labrador Park MRT Station,1.27236838626952,103.803416232089
Lakeside MRT Station,1.34425911493819,103.720949087456
Lavender MRT Station,1.30737781747063,103.862767633888
Layar  LRT  Station,1.39207983659997,103.880029600546
Lentor MRT Station,1.38550657972169,103.835743809669
Little India MRT Station,1.30724381608438,103.849841614124
Lorong Chuan MRT Station,1.35153128621585,103.864812169514
Macpherson MRT Station,1.32615024457361,103.889298600376
Marina Bay MRT Station,1.27631114381584,103.854604975361
Marina South MRT Station,1.27455475919137,103.863574321728
Marina South Pier MRT Station,1.27102703612006,103.862447515736
Marine Parade MRT Station,1.30261163483383,103.904983086812
Marine Terrace MRT Station,1.30666510344814,103.9151067005
Marsiling MRT Station,1.43252114855026,103.774074641403
Marymount MRT Station,1.348707263451,103.839423132332
Mattar MRT Station,1.32687671501334,103.883247509542
Maxwell MRT Station,1.28053329842878,103.843883670633
Mayflower MRT Station,1.37146318831015,103.836567766945
Meridian  LRT  Station,1.3969120498774,103.908950224489
Mount Pleasant MRT Station,1.32856455460666,103.83518858199
Mountbatten MRT Station,1.30620190525331,103.882528081052
Napier MRT Station,1.30678307789908,103.818967003926
Newton MRT Station,1.3123189224097,103.837984594021
Nibong  LRT  Station,1.41187040942087,103.900313788123
Nicoll Highway MRT Station,1.29976684675139,103.86363696572
Novena MRT Station,1.32044079120154,103.843825618748
Oasis  LRT  Station,1.40228667971123,103.912727352412
One-North MRT Station,1.29975987493555,103.78745750525
Orchard Boulevard MRT Station,1.30242224836722,103.823868523249
Orchard MRT Station,1.30242224836722,103.823868523249
Outram Park MRT Station,1.2802415328084,103.840052100136
Pasir Panjang MRT Station,1.27621352233766,103.791350313288
Pasir Ris MRT Station,1.37304331635804,103.949284527763
Paya Lebar MRT Station,1.3172473854035,103.892260753884
Pending  LRT  Station,1.37613574334988,103.771261175571
Petir  LRT  Station,1.37777204259082,103.766645782497
Phoenix  LRT  Station,1.37861545104083,103.757995558346
Pioneer MRT Station,1.33758701106708,103.697321608474
Potong Pasir MRT Station,1.33137808528793,103.869363547741
Promenade MRT Station,1.29399798636232,103.860350000188
Punggol  LRT  Station,1.41684852031206,103.906650789313
Punggol MRT Station,1.41492733388605,103.910166388177
Punggol Point  LRT  Station,1.41684852031206,103.906650789313
Queenstown MRT Station,1.29455085184931,103.806077155982
Raffles Place MRT Station,1.28393326234538,103.851463066212
Ranggung  LRT  Station,1.38423355918277,103.897194667804
Redhill MRT Station,1.28963453412887,103.81674097205
Renjong  LRT  Station,1.38670058991904,103.89062131608
Riviera  LRT  Station,1.39451978540251,103.916169381157
Rochor MRT Station,1.30385218527656,103.852769428884
Rumbia  LRT  Station,1.39146849534132,103.90597359341
Sam Kee  LRT  Station,1.40961268528804,103.904831550608
Samudera  LRT  Station,1.41590172160383,103.902156317163
Segar  LRT  Station,1.38778508663361,103.769599685249
Sembawang MRT Station,1.44905082158502,103.820046140211
Sengkang  LRT  Station,1.39160936379906,103.895442583336
Sengkang MRT Station,1.39169462601522,103.895484694279
Senja  LRT  Station,1.38272547134453,103.76234425472
Serangoon MRT Station,1.35063361526525,103.872771660431
Shenton Way MRT Station,1.2777168283425,103.850367596067
Siglap MRT Station,1.31000855143448,103.930025826702
Simei MRT Station,1.34319707851829,103.953377214378
Sixth Avenue MRT Station,1.33085764536226,103.796906838288
Somerset MRT Station,1.30026416739006,103.839085753124
Soo Teck  LRT  Station,1.40532331860455,103.897290522033
South View  LRT  Station,1.38029828742399,103.745291799824
Springleaf MRT Station,1.39758106126824,103.817856949947
Stadium MRT Station,1.3028124684707,103.875337711089
Stevens MRT Station,1.32006555750626,103.826024401924
Sumang  LRT  Station,1.40845241943079,103.898558450395
Sungei Bedok MRT Station,1.32040148729112,103.957183823478
Tai Seng MRT Station,1.33514150139202,103.888389300191
Tampines East MRT Station,1.35619148271544,103.9546344625
Tampines MRT Station,1.34551530560119,103.938436971222
Tampines West MRT Station,1.34551530560119,103.938436971222
Tan Kah Kee MRT Station,1.32639224146351,103.806548201692
Tanah Merah MRT Station,1.32718729074675,103.946348600798
Tanjong Katong MRT Station,1.29931925742524,103.897368742078
Tanjong Pagar MRT Station,1.27656131737246,103.845725186759
Tanjong Rhu MRT Station,1.29726507940646,103.873453254621
Teck Lee  LRT  Station,1.4127708937463,103.906577622768
Teck Whye  LRT  Station,1.37668467920808,103.753712232337
Telok Ayer MRT Station,1.28206894769394,103.848648781083
Telok Blangah MRT Station,1.27070647717762,103.809761611219
Thanggam  LRT  Station,1.39731815581938,103.875635154729
Tiong Bahru MRT Station,1.28619457890544,103.826998939732
Toa Payoh MRT Station,1.33262928096888,103.847502198048
Tongkang  LRT  Station,1.38934794658941,103.885844150116
Tuas Crescent MRT Station,1.32102695598684,103.649078235627
Tuas Link MRT Station,1.34088242451105,103.636991425128
Tuas West Road MRT Station,1.32998504653102,103.639616648771
Ubi MRT Station,1.32997425973974,103.899226655439
Upper Changi MRT Station,1.34173977444995,103.961472788634
Upper Thomson MRT Station,1.35441643365401,103.832898468504
Woodlands MRT Station,1.43605761708128,103.787938777173
Woodlands North MRT Station,1.44829245259621,103.785692682441
Woodlands South MRT Station,1.42739605281442,103.79326432221
Woodleigh MRT Station,1.33919004519388,103.87081830915
Yew Tee MRT Station,1.39753506936297,103.747405150236
Yio Chu Kang MRT Station,1.38175587099132,103.84494727118
Yishun MRT Station,1.42944308477331,103.835005047246
