Park,latitude,longitude
Admiralty Park,1.44948858163009,103.779119378589
Ang Mo Kio Town Garden East,1.37069218596975,103.850477038504
Ang Mo Kio Town Garden West,1.37416758787361,103.842948749695
Bedok Town Park,1.33439933330273,103.922348727352
Bishan-Ang Mo Kio Park,1.36111471450206,103.847705468769
Bukit Batok Nature Park,1.35014010737608,103.764197119297
Bukit Batok Town Park,1.35757852997096,103.755726890477
Bukit Timah Nature Reserve,1.35443054655389,103.778073451976
Central Catchment Nature Reserve,1.38303981189267,103.801705234973
Changi Beach Park,1.38272907017716,104.001981729276
Chek Jawa,1.4082877253455,103.99188953363
Chinese Garden,1.33890461457493,103.729060244019
Choa Chu Kang Park,1.38726365298961,103.747381896819
Clementi Woods Park,1.29982839456282,103.767556045102
Coney Island Park,1.40883093233134,103.922617218378
Dairy Farm Nature Park,1.36268799490851,103.774086668962
Dhoby Ghaut Green,1.29818382483564,103.846504124905
East Coast Park,1.3138307453987,103.923415889232
Esplanade Park,1.28948782949149,103.853662660788
Fort Canning Park,1.292516286813,103.847681827019
Gardens by the Bay,1.28156207358362,103.863616027256
Hindhede Nature Park,1.35014318415394,103.775983492665
Hong Lim Park,1.28663926271907,103.846577619728
HortPark,1.27899800643003,103.801124442502
Istana Park,1.29927539926482,103.843876655353
Japanese Cemetery Park,1.36543043705086,103.876749488043
Japanese Garden,1.33565567874413,103.731325426296
Jurong Central Park,1.33811079624888,103.707922017766
Kallang Riverside Park,1.30722998960615,103.868325680607
Kent Ridge Park,1.28502800039386,103.789363178448
Ketam Mountain Bike Park,1.41282379462251,103.946601437734
Kranji Marshes,1.41911053100165,103.729255870894
Kranji Reservoir Park,1.43835306314103,103.742655060396
Labrador Nature Reserve,1.26661219044711,103.80253966305
Labrador Park,1.27236838626952,103.803416232089
Lower Seletar Reservoir Park,1.40964971263737,103.831194690909
MacRitchie Reservoir Park,1.34152301286138,103.833590421997
MapleWood Park,1.35266231423043,103.885030078122
Marsiling Park,1.43767141252746,103.76978645125
Mount Emily Park,1.30445083391675,103.847639912997
Mount Faber Park,1.27511611428167,103.818434543524
National Orchid Garden,1.3128713901498,103.81384193554
One-north Park,1.30305352580179,103.790773072366
Pasir Ris Park,1.38123379341088,103.9504800153
Pasir Ris Town Park,1.37151869270261,103.952449159325
Pearl Hill City Park,1.28451929408639,103.838651770829
Pulau Ubin,1.41250901343404,103.97591782415
Punggol Park,1.37716462854545,103.89859468959
Punggol Point,1.41993808818742,103.912662656099
Punggol Waterway Park,1.41099730594977,103.904814837855
Raffles Place Park,1.28437016962651,103.851639236357
Sembawang Park,1.4257481757063,103.823770917228
Sengkang Riverside Park,1.39950318947743,103.884236800325
Sengkang Sculpture Park,1.39488251637671,103.896758884535
Singapore Botanic Gardens,1.31420028050153,103.815958422447
Sisters Island Marine Park,1.21449131588834,103.833627415047
Sun Plaza Park,1.35888549053265,103.94371665055
Sungei Buloh Wetland Reserve,1.44629693780335,103.728964383818
Tampines Eco Green,1.36377757605703,103.948183299896
Tanjong Pagar Park,1.27656099825193,103.846320994884
Telok Blangah Hill Park,1.27884536251889,103.810545068207
The Southern Ridges,1.27270097701664,103.81825138766
Tiong Bahru Park,1.28738402062473,103.824695370614
Toa Payoh Town Park,1.33055190359647,103.847914458306
Upper Peirce Reservoir Park,1.37220940699436,103.812670541882
Upper Seletar Reservoir,1.40167005833452,103.800726795114
War Memorial Park,1.29283668627998,103.854823512628
Waterboat House Garden,1.28732822387192,103.853466098771
West Coast Park,1.29671519967862,103.762725076032
Woodlands Waterfront Park,1.45380370281178,103.781617546
Yishun Neighbourhood Park,1.43774180535158,103.835167452882
Yishun Park,1.42448806778692,103.842482846131
Yishun Pond Park,1.42782773147436,103.840061845933
Youth Olympic Park,1.28895335576015,103.860431957375
Zhenghua Park,1.36802460641509,103.778271500186
