School,latitude,longitude
Admiralty Primary School,1.44298589789841,103.800304550731
Admiralty Secondary School,1.44589068910993,103.802398196596
Ahmad Ibrahim Primary School,1.43368120674913,103.832924289687
Ahmad Ibrahim Secondary School,1.43623514612253,103.82998645047
Ai Tong School,1.36073636488519,103.833075654586
Alexandra Primary School,1.29141244826495,103.824359324379
Anchor Green Primary School,1.39099731986818,103.886918030392
Anderson Primary School,1.38466596519595,103.841238418213
Anderson Secondary School,1.37424218886593,103.851429953072
Anderson Serangoon Junior College,1.37839670972543,103.845885968342
Ang Mo Kio Primary School,1.36909206497026,103.839041355537
Ang Mo Kio Secondary School,1.36735900385008,103.842600374475
Anglican High School,1.33035182064432,103.941634876861
Anglo-Chinese Junior College,1.30328795437358,103.785262975405
Anglo-Chinese School (Barker Road),1.31945060832386,103.835698465252
Anglo-Chinese School (Independent),1.30244478759311,103.780249819952
Anglo-Chinese School (Junior),1.30937872352186,103.840789144711
Anglo-Chinese School (Primary),1.31871859882709,103.835345168025
Angsana Primary School,1.34857143331006,103.951673027853
Assumption English School,1.36853405374096,103.766675011324
Assumption Pathway School,1.37047801891506,103.766799773141
Bartley Secondary School,1.34001742017642,103.882455029785
Beacon Primary School,1.38423667692281,103.773754356751
Beatty Secondary School,1.34179051106272,103.852064858056
Bedok Green Primary School,1.32399627634455,103.937745022761
Bedok Green Secondary School,1.33382668065759,103.935513154683
Bedok South Secondary School,1.32565341744897,103.950621237692
Bedok View Secondary School,1.32399939648613,103.943475225073
Bendemeer Primary School,1.32197651790133,103.865444845317
Bendemeer Secondary School,1.32461111307996,103.860970284401
Blangah Rise Primary School,1.27613030444271,103.808639211285
Boon Lay Garden Primary School,1.34284670750022,103.712969004665
Boon Lay Secondary School,1.34322372271823,103.701702919853
Bowen Secondary School,1.37075107332027,103.87745903968
Broadrick Secondary School,1.30750538031989,103.886675419311
Bukit Batok Secondary School,1.34835121539207,103.740873402493
Bukit Merah Secondary School,1.28575153716321,103.813208356372
Bukit Panjang Govt. High School,1.38213672186466,103.738134418559
Bukit Panjang Primary School,1.37347219247536,103.76931748391
Bukit Timah Primary School,1.33774986691199,103.766855335531
Bukit View Primary School,1.34594524614786,103.753588844734
Bukit View Secondary School,1.34572315130521,103.752277765539
Canberra Primary School,1.45081993926999,103.815714090629
Canberra Secondary School,1.4532797110912,103.814470689411
Canossa Catholic Primary School,1.32651105993099,103.88175693878
Cantonment Primary School,1.27550544136483,103.839922725842
Casuarina Primary School,1.3727890164636,103.957291273316
Catholic High School,1.35470513163642,103.844204233927
Catholic Junior College,1.32455605783219,103.835028842353
Cedar Girls Secondary School,1.33452736490158,103.873791000408
Cedar Primary School,1.3356736312679,103.875206888066
Changkat Changi Secondary School,1.34036113973242,103.952725093811
Changkat Primary School,1.34020800809178,103.952183401477
Chij (Katong) Primary,1.30652686240002,103.910921580015
Chij (Kellock),1.27484459976547,103.828069566486
Chij Katong Convent,1.30659722378096,103.917754219162
Chij Our Lady Of Good Counsel,1.35795142682271,103.86425016247
Chij Our Lady Of The Nativity,1.37317401669511,103.897659384616
Chij Our Lady Queen Of Peace,1.36675801448842,103.767694820161
Chij Primary (Toa Payoh),1.33281815279665,103.841918376501
Chij Secondary (Toa Payoh),1.33246212981448,103.842719447087
Chij St. Joseph Convent,1.3917809913189,103.902577350084
Chij St. Nicholas Girls School,1.37371420130949,103.834273723206
Chij St. Theresa Convent,1.2760292483542,103.822343903425
Chongfu School,1.43846231168609,103.839070707702
Chongzheng Primary School,1.35059476908514,103.951225249062
Christ Church Secondary School,1.42644768051241,103.793381860597
Chua Chu Kang Primary School,1.3776786800641,103.741924742722
Chua Chu Kang Secondary School,1.38327483805564,103.7520245177
Chung Cheng High School (Main),1.30538113074206,103.890736561568
Chung Cheng High School (Yishun),1.41874603005991,103.837319288919
Clementi Primary School,1.31580856291997,103.76305484091
Clementi Town Secondary School,1.31547497364052,103.762078703822
Commonwealth Secondary School,1.31912807800574,103.745755485653
Compassvale Primary School,1.39452983148325,103.897864767116
Compassvale Secondary School,1.39621757536017,103.899872150641
Concord Primary School,1.38028948162066,103.736185592141
Corporation Primary School,1.35148549046357,103.7075783976
Crescent Girls School,1.29330511431308,103.817634802634
Crest Secondary School,1.34355502294458,103.742543051925
Damai Primary School,1.33535131498901,103.921268322538
Damai Secondary School,1.33754547956437,103.926417064488
Dazhong Primary School,1.35899958489032,103.748123918324
De La Salle School,1.39507191622876,103.743443644259
Deyi Secondary School,1.36734742078765,103.851936118929
Dunearn Secondary School,1.36363809340289,103.745003319776
Dunman High School,1.29912530389464,103.882861736316
Dunman Secondary School,1.3605475096799,103.956207278726
East Spring Primary School,1.35304104609341,103.961797146297
East Spring Secondary School,1.35675829971051,103.961104820719
Edgefield Primary School,1.40029783476901,103.907430522021
Edgefield Secondary School,1.40017929451502,103.902141221507
Elias Park Primary School,1.3750330318965,103.94535776821
Endeavour Primary School,1.45417628963848,103.817427319321
Eunoia Junior College,1.36245430133913,103.840484012323
Eunos Primary School,1.32438835817339,103.904374787716
Evergreen Primary School,1.44414835944296,103.794545291298
Evergreen Secondary School,1.44122083775062,103.793771501303
Fairfield Methodist School (Primary),1.30079869095826,103.785692213083
Fairfield Methodist School (Secondary),1.30192088406781,103.784368149041
Fajar Secondary School,1.37556539191054,103.763881894509
Farrer Park Primary School,1.31250416162069,103.850902684573
Fengshan Primary School,1.33032495471395,103.931885376418
Fern Green Primary School,1.39788001374912,103.880016906159
Fernvale Primary School,1.39028723696761,103.874208302244
First Toa Payoh Primary School,1.34073138516358,103.855753390523
Frontier Primary School,1.33664853395126,103.699886714517
Fuchun Primary School,1.43063976776382,103.778175192579
Fuchun Secondary School,1.4308339876894,103.777147999502
Fuhua Primary School,1.33640376291346,103.736669454731
Fuhua Secondary School,1.34687989714198,103.726759673876
Gan Eng Seng Primary School,1.28595539341476,103.815228207863
Gan Eng Seng School,1.28907114458398,103.823733672546
Geylang Methodist School (Primary),1.31759274969302,103.883892989147
Geylang Methodist School (Secondary),1.31765897065966,103.882503652358
Gongshang Primary School,1.35753800205884,103.9488397389
Greendale Primary School,1.39649446838292,103.912464014072
Greendale Secondary School,1.397280800154,103.911575840457
Greenridge Primary School,1.3858737543113,103.767814630258
Greenridge Secondary School,1.38192418627032,103.773616966157
Greenwood Primary School,1.44011049774911,103.804629295565
Guangyang Primary School,1.34604266465632,103.849284759591
Guangyang Secondary School,1.34467325334688,103.850550225186
Hai Sing Catholic School,1.37463820319777,103.954751280409
Haig Girls School,1.31153911414311,103.903393592097
Henry Park Primary School,1.31672581051651,103.78420830194
Hillgrove Secondary School,1.35273549434773,103.753052391686
Holy Innocents High School,1.37121506515605,103.896026606821
Holy Innocents Primary School,1.3667378414426,103.893684148327
Hong Wen School,1.32168928544376,103.857651758668
Horizon Primary School,1.40022484318565,103.912899821512
Hougang Primary School,1.3780398609897,103.881166249315
Hougang Secondary School,1.37815588001477,103.881871598244
Hua Yi Secondary School,1.35235629697621,103.721726596827
Huamin Primary School,1.42684652878862,103.844563832366
Hwa Chong Institution,1.3248928138886,103.80572848265
Innova Primary School,1.42918459185656,103.790557056487
Jiemin Primary School,1.42764685183222,103.830480360286
Jing Shan Primary School,1.37224911024539,103.852052541878
Junyuan Primary School,1.34769172206039,103.939695143887
Junyuan Secondary School,1.35334124083263,103.933411373045
Jurong Pioneer Junior College,1.38460949099614,103.753932798395
Jurong Primary School,1.34868451151937,103.732974782772
Jurong Secondary School,1.33014735400654,103.72409968506
Jurong West Primary School,1.33901153395591,103.698965552387
Jurong West Secondary School,1.33525634519937,103.702098132579
Jurongville Secondary School,1.3515495585791,103.729112686371
Juying Primary School,1.33895145085326,103.687833087248
Juying Secondary School,1.33817883513509,103.687206505485
Keming Primary School,1.34524505261969,103.756264470434
Kent Ridge Secondary School,1.3013528870229,103.764927513408
Kheng Cheng School,1.33740763550641,103.847761130585
Kong Hwa School,1.31102090083438,103.888166616683
Kranji Primary School,1.39421785057099,103.747104202255
Kranji Secondary School,1.39004038830493,103.741091095437
Kuo Chuan Presbyterian Primary School,1.34938435588389,103.855170750176
Kuo Chuan Presbyterian Secondary School,1.35010964809552,103.854891668362
Lakeside Primary School,1.33837570310394,103.718050539055
Lianhua Primary School,1.35415506887673,103.754210374853
Loyang View Secondary School,1.36665831773121,103.958066437297
Maha Bodhi School,1.32840772296083,103.901527649046
Manjusri Secondary School,1.32752022209274,103.901811007466
Maris Stella High School,1.34130251444855,103.877814069985
Marsiling Primary School,1.4344231166861,103.773697721298
Marsiling Secondary School,1.43664424769955,103.776008090454
Marymount Convent School,1.34042702347099,103.839898962936
Mayflower Primary School,1.37606815582917,103.835746732105
Mayflower Secondary School,1.36833724573433,103.835438722324
Mee Toh School,1.39485356300872,103.908572571105
Meridian Primary School,1.37613656783999,103.935205854454
Meridian Secondary School,1.3671073515704,103.949273556351
Methodist Girls School (Primary),1.3498418643476,103.884978361673
Methodist Girls School (Secondary),1.35080512809598,103.885586605006
Millennia Institute,1.35031929565511,103.741593553753
Montfort Junior School,1.37393763850817,103.889690807711
Montfort Secondary School,1.37395067790905,103.888859849008
Nan Chiau High School,1.38868744166162,103.890286215943
Nan Chiau Primary School,1.39206468503473,103.890924976943
Nan Hua High School,1.30814121110616,103.769015435345
Nan Hua Primary School,1.31983663784769,103.761403957527
Nanyang Girls High School,1.33068756966784,103.802385418763
Nanyang Junior College,1.35028314921863,103.86649872164
Nanyang Primary School,1.32111548993736,103.806468059795
National Junior College,1.33042992800755,103.804458713785
Naval Base Primary School,1.41646377284487,103.838534750193
Naval Base Secondary School,1.41924529293611,103.831044083051
New Town Primary School,1.29981138774552,103.79996481092
New Town Secondary School,1.30998631560773,103.773248973337
Ngee Ann Primary School,1.30554015271643,103.917755430065
Ngee Ann Secondary School,1.35439823902076,103.956744685155
North Spring Primary School,1.38752823629059,103.903512956253
North View Primary School,1.42794340255251,103.848368288236
North Vista Primary School,1.38310941240373,103.895988307538
North Vista Secondary School,1.38125201421054,103.898926885819
Northbrooks Secondary School,1.42088102487937,103.845060254432
Northland Primary School,1.42130404433542,103.840792917089
Northland Secondary School,1.43573962048442,103.840104687873
Northlight School,1.31982824931405,103.856326613258
Northoaks Primary School,1.45666687329386,103.813610010422
Northshore Primary School,1.41790437641106,103.904478227217
NUS High School Of Mathematics And Science,1.30616276294205,103.770087562394
Oasis Primary School,1.40438767010429,103.910915944238
Opera Estate Primary School,1.31996875474462,103.923752660472
Orchid Park Secondary School,1.41488818714439,103.838334919821
Outram Secondary School,1.28638748563468,103.83707282942
Palm View Primary School,1.38384076410294,103.891215105298
Park View Primary School,1.37777026097219,103.939688717311
Pasir Ris Crest Secondary School,1.37234390824993,103.959362578923
Pasir Ris Primary School,1.37230861882846,103.962918870593
Pasir Ris Secondary School,1.35463956600893,103.948614671461
Paya Lebar Methodist Girls School (Primary),1.3498418643476,103.884978361673
Paya Lebar Methodist Girls School (Secondary),1.35080512809598,103.885586605006
Pei Chun Public School,1.33728893309898,103.855473497018
Pei Hwa Presbyterian Primary School,1.33806704395877,103.776191458102
Pei Hwa Secondary School,1.39038045690064,103.878593470104
Pei Tong Primary School,1.31584558898537,103.767672856893
Peicai Secondary School,1.35927324855325,103.870492278166
Peirce Secondary School,1.3661316757859,103.829910355399
Peiying Primary School,1.41740819239645,103.830299468024
Ping Yi Secondary School,1.32714028536062,103.920835754422
Pioneer Primary School,1.34872092746567,103.694867873154
Poi Ching School,1.35785730207582,103.935117143734
Presbyterian High School,1.38276544576926,103.842931021404
Princess Elizabeth Primary School,1.34887723214468,103.741031428147
Punggol Cove Primary School,1.41147742643259,103.898889527353
Punggol Green Primary School,1.4015297093198,103.898475669533
Punggol Primary School,1.37820062324157,103.89475334315
Punggol Secondary School,1.40212629480045,103.909119265199
Punggol View Primary School,1.40503420664529,103.90561239577
Qifa Primary School,1.31262154226307,103.757030040839
Qihua Primary School,1.4420359661233,103.78833975717
Queenstown Primary School,1.29598844588534,103.807901902313
Queenstown Secondary School,1.2935332938077,103.81317546974
Queensway Secondary School,1.30047516692949,103.80172361393
Radin Mas Primary School,1.27499032586149,103.824087249895
Raffles Girls Primary School,1.33007391908583,103.806221335243
Raffles Girls School (Secondary),1.3428994546147,103.84319823516
Raffles Institution,1.34576108663813,103.845982874935
Red Swastika School,1.3334938298266,103.934374884855
Regent Secondary School,1.39309408182711,103.750685553271
River Valley High School,1.34409326851785,103.709182708853
River Valley Primary School,1.29418347541731,103.836018932052
Riverside Primary School,1.44710495026317,103.801921210213
Riverside Secondary School,1.44106359378157,103.78836577797
Rivervale Primary School,1.39357380506775,103.904718284557
Rosyth School,1.37291579617882,103.874693245991
Rulang Primary School,1.34684445616169,103.719009824408
"School Of Science And Technology, Singapore",1.31316278617555,103.773954126122
Sembawang Primary School,1.44504364451206,103.821021505387
Sembawang Secondary School,1.44531502131387,103.816843258118
Seng Kang Primary School,1.38925045654185,103.899527873246
Seng Kang Secondary School,1.38609933038598,103.898393057284
Sengkang Green Primary School,1.39307853125283,103.875158830341
Serangoon Garden Secondary School,1.3698904842453,103.86914972225
Serangoon Secondary School,1.37555533250023,103.901910363999
Shuqun Primary School,1.34756849017026,103.721557973446
Si Ling Primary School,1.4326998657579,103.785778769275
Singapore Chinese Girls Primary School,1.32080725235992,103.827744749548
Singapore Chinese Girls School,1.30239915719716,103.839055904985
Singapore Sports School,1.42641192959594,103.789436172815
South View Primary School,1.38153700287686,103.746933170164
Spectra Secondary School,1.43643850246342,103.804432703156
Springdale Primary School,1.39475479918996,103.88977762246
Springfield Secondary School,1.34957563160043,103.930218334123
St. Andrew Junior College,1.33278888819865,103.86348127954
St. Andrew Junior School,1.33136041631121,103.865178864784
St. Andrew Secondary School,1.33099027392774,103.8659461403
St. Anthony Canossian Primary School,1.33480685527666,103.941208873959
St. Anthony Canossian Secondary School,1.33496121372219,103.941668784027
St. Anthony Primary School,1.36463912533321,103.749294036695
St. Gabriel Primary School,1.34924603372868,103.862332032728
St. Gabriel Secondary School,1.34664416834558,103.875734242964
St. Hilda Primary School,1.34934994368496,103.937920511812
St. Hilda Secondary School,1.35037576743342,103.936654688332
St. Joseph Institution,1.3325273123293,103.839803054458
St. Joseph Institution Junior,1.31781476118551,103.845633334522
St. Margaret Primary School,1.30377597048066,103.84627782246
St. Margaret Secondary School,1.31977464050584,103.809602215402
St. Patrick School,1.30768393050916,103.916768445926
St. Stephen School,1.31881620631885,103.917526142651
Stamford Primary School,1.30409108329892,103.857392979824
Swiss Cottage Secondary School,1.36433390661249,103.750673669063
Tampines Meridian Junior College,1.37674192921324,103.937553253083
Tampines North Primary School,1.36069171976908,103.948936797596
Tampines Primary School,1.35052849229715,103.943990976465
Tampines Secondary School,1.34943480128048,103.943989096075
Tanglin Secondary School,1.30977347800845,103.758215414315
Tanjong Katong Girls School,1.30729122654047,103.896293970001
Tanjong Katong Primary School,1.30530737066542,103.90053168483
Tanjong Katong Secondary School,1.30858337448721,103.897330120868
Tao Nan School,1.30504070009139,103.911132922585
Teck Ghee Primary School,1.36520063113584,103.851032163057
Teck Whye Primary School,1.38355830308367,103.753682810457
Teck Whye Secondary School,1.38334818086948,103.755182428471
Telok Kurau Primary School,1.3309134715061,103.91134913991
Temasek Junior College,1.31846190599674,103.935597970089
Temasek Primary School,1.31771638945322,103.94569522928
Temasek Secondary School,1.31577098514639,103.947147538809
Townsville Primary School,1.36036263436066,103.854185521507
Unity Primary School,1.40282338968617,103.746993420009
Unity Secondary School,1.39966040841671,103.745882795532
Valour Primary School,1.40687135453389,103.898910900479
Victoria Junior College,1.30571796549429,103.919531033331
Victoria School,1.30830803913148,103.928197539607
Waterway Primary School,1.39915421007324,103.918670764176
Wellington Primary School,1.45210136633472,103.82228492135
West Grove Primary School,1.34471212179466,103.698964204829
West Spring Primary School,1.38975025654935,103.766160479102
West Spring Secondary School,1.38775648453462,103.760204513277
West View Primary School,1.38340393688758,103.760331906943
Westwood Primary School,1.34715463167376,103.700526715746
Westwood Secondary School,1.3535261354002,103.701604293889
White Sands Primary School,1.36551781309107,103.960948215572
Whitley Secondary School,1.35549462375779,103.842563881195
Woodgrove Primary School,1.43305806041001,103.790389620371
Woodgrove Secondary School,1.42862831485658,103.79630400484
Woodlands Primary School,1.43674638306535,103.791771693783
Woodlands Ring Primary School,1.43476970480441,103.797841126811
Woodlands Ring Secondary School,1.43611367840374,103.800520528487
Woodlands Secondary School,1.4391833170062,103.774498782083
Xinghua Primary School,1.35799654685785,103.890216354916
Xingnan Primary School,1.34268487634267,103.68772398508
Xinmin Primary School,1.37141472620904,103.883017746499
Xinmin Secondary School,1.3726429004882,103.883050531748
Xishan Primary School,1.43350145509511,103.838289310553
Yangzheng Primary School,1.34897202423063,103.868362521917
Yew Tee Primary School,1.39696139159331,103.751194604689
Yio Chu Kang Primary School,1.37782270940138,103.885568714764
Yio Chu Kang Secondary School,1.37826335261873,103.841809445345
Yishun Innova Junior College,1.42461884491728,103.829634359313
Yishun Primary School,1.43337675928143,103.833991747394
Yishun Secondary School,1.42813201188536,103.828814809222
Yishun Town Secondary School,1.43260423932066,103.838011671738
Yu Neng Primary School,1.33390380862118,103.93203405271
Yuan Ching Secondary School,1.34189187145685,103.720630790899
Yuhua Primary School,1.34291981758865,103.740861144256
Yuhua Secondary School,1.34721844938907,103.722581522719
Yumin Primary School,1.3514596031823,103.950716122461
Yusof Ishak Secondary School,1.40750017455302,103.896257571157
Yuying Secondary School,1.35693360328577,103.890457624477
Zhangde Primary School,1.2844982197148,103.826148977614
Zhenghua Primary School,1.37992200404367,103.769277780391
Zhenghua Secondary School,1.38819702290612,103.765252306514
Zhonghua Primary School,1.36016673529602,103.869695911447
Zhonghua Secondary School,1.34909736057023,103.869800034561
National University Of Singapore,1.29496551328462,103.77122156673
Singapore University Of Social Sciences,1.32881426960899,103.775709357706
Nanyang Technological University,1.34463493822005,103.680705586564
Singapore Management University,1.29684671398423,103.852207943172
Singapore University Of Technology And Design,1.3401716369901,103.962860116421
Singapore Institute Of Technology,1.41408909556275,103.910688527913
Singapore Polytechnic ,1.30917399295111,103.781094783028
Nanyang Polytechnic ,1.38111875111583,103.849736066713
Ngee Ann Polytechnic,1.33248057179977,103.773305880529
Temasek Polytechnic,1.34675551907395,103.929081571971
Republic Polytechnic,1.44496816514049,103.785362406892
ITE College Central,1.37820943389009,103.856472691304
ITE College East,1.33455404642056,103.954985027633
ITE College West,1.37505366356257,103.752219691736
